page,filename,source_selection,size_bytes,width,height,sha256
0,00.jpg,/Libur Primus/00(1).jpg,168876,2400,3600,184e6f9de8695d99435c2bef4fd7e304a8a0f704dbe04439fa8bf13c4da395a7
1,01.jpg,/Libur Primus/01(1).jpg,1476614,2400,3600,71f4bd03c692ede630091272597d2b18702184ed32fdd1977ef0ba7306632b46
2,02.jpg,/Libur Primus/02(1).jpg,175159,2400,3600,0297572bbc2d234f84df634c6f0474011ff5df66c2ce987c3bb7aa0c635799b4
3,03.jpg,/Libur Primus/03(1).jpg,892759,2400,3600,b8b142f9b7854ec4f240e076cad03a98a2e3e9cf7c20f1da4fcde1ed25e3be3f
4,04.jpg,/Libur Primus/04(1).jpg,1223337,2400,3600,745c6a46f67de1e5a2a9ac76175c323af82c2432e3b7483a8dc6244f8de9478f
5,05.jpg,/Libur Primus/05(1).jpg,673066,2400,3600,2db94921ae5216d8a589890495fa5432446cd3227c45fbeb4934cbb0525112f7
6,06.jpg,/Libur Primus/06(1).jpg,823807,2400,3600,913e26462e51942f49ca3ce2e94ef56c5fb65110814442dccc02b0d88af2c5ca
7,07.jpg,/Libur Primus/07(1).jpg,823514,2400,3600,b50c1536ea1f30847e7875835991d52951bafb599fb1ab04eb78c5c6e6c2b468
8,08.jpg,/Libur Primus/08(1).jpg,638805,2400,3600,f0edba1084df9983353c11544bbf711f94ed7649edbf94b426c9b78549b64557
9,09.jpg,/Libur Primus/09(1).jpg,724577,2400,3600,975cda73bbf829b2775f25beb609d34fa429728b2f2a4ce863c129b10b005089
10,10.jpg,/Libur Primus/10(1).jpg,4240957,2400,3600,12ebfe421c129f2ef78d527c1630e358963da8d8dfdf9620eb977980d7967376
11,11.jpg,/Libur Primus/11(1).jpg,712733,2400,3600,7bd11a2c9f5b512e33c9db170756e3b34cc1e29eb405373eb94957383a61be7d
12,12.jpg,/Libur Primus/12(1).jpg,703428,2400,3600,a5b58076e169f3f59c8a394dbef37da18226c9c4fff703df3be8dc95cf16291c
13,13.jpg,/Libur Primus/13(1).jpg,2070134,2400,3600,bef0fc4867c2363c835eb4f08029a1eba35c925e2f72659d7353cf8a91089e56
14,14.jpg,/Libur Primus/14(1).jpg,625668,2400,3600,de2bebe1d06421d94f3dd2b2b5f838ee4cdb5f51b07b14e880e0108f7b79c14e
15,15.jpg,/Libur Primus/15(1).jpg,426945,2400,3600,f163903bec1236f1c89c96343d0bd1dee610b697c3ba82514651f04c5fbee4b9
16,16.jpg,/Libur Primus/16(1).jpg,485456,2400,3600,984668c680c6089b91587ef6d9eb2a1df1d2b7ee8ab3837655d3933f2adcbfbe
17,17.jpg,/Libur Primus/17(1).jpg,695525,2400,3600,197e1e153958b9a2736b09c10eea7d8bb00e0632fd22a8d9606840becc79942e
18,18.jpg,/Libur Primus/18(1).jpg,667228,2400,3600,f804fae06a68315eb6206158a2b34f55fe157c7d663fa961639fbe8dfc52a39f
19,19.jpg,/Libur Primus/19(1).jpg,595338,2400,3600,74e955ebe248e6d7442e2d2cd3029951f258017987d5762f48e7897cf6611e34
20,20.jpg,/Libur Primus/20.jpg,599916,2400,3600,1453ef27ea607c6ea378d6472c908e77c2881caba33c72d1893caddee8dc1117
21,21.jpg,/Libur Primus/21.jpg,676634,2400,3600,72bea2bfcd4f1b8e2095f882811d0f294e329d4b1bfe68f8ed5ec726d0a1e9d6
22,22.jpg,/Libur Primus/22.jpg,667716,2400,3600,bcef0a3b80532b25a013052ec4394ab47ab69ce675b5b3db59cbad044e7adabd
23,23.jpg,/Libur Primus/23.jpg,556991,2400,3600,4c7dce370242c67a7b785828d75547c042717b221d9d565d7dd097834c7b25d7
24,24.jpg,/Libur Primus/24.jpg,580968,2400,3600,91a726a7dd59c6caa4d736b9ce72ceba0a2fa827d6b69a2d4057562b9303636c
25,25.jpg,/Libur Primus/25.jpg,612380,2400,3600,6b1026dfdfb447a5a76819883fe576254e8a47fdf1e97ecf1825166833bc6f00
26,26.jpg,/Libur Primus/26.jpg,639920,2400,3600,b8b7ee73d51de45833b36d864cb1c9067432cb4efadcf6c319eaef94d52c929d
27,27.jpg,/Libur Primus/27.jpg,618194,2400,3600,1716e282c1d5e8a9ff911c01621e9b195d4728c7fa55ac857176a473eaba3239
28,28.jpg,/Libur Primus/28.jpg,609111,2400,3600,26f0cb307a23dcb2adf03a70fb9c6da89746258a90fd9be5383b2757ab4aad30
29,29.jpg,/Libur Primus/29.jpg,609412,2400,3600,6961f3f8eedba5b802fee9b40ad91fa604cd4e4394f9ba72853141ad71b19b21
30,30.jpg,/Libur Primus/30.jpg,619368,2400,3600,3481daeed3ab2bea6effbe36eec22f74955bce87ca4b4ae8674be1d3f84ea08d
31,31.jpg,/Libur Primus/31.jpg,436699,2400,3600,861037ea304b4d3b347cce18d97f25146f6f318cb748e59e6140d9eeaef6abd4
32,32.jpg,/Libur Primus/32.jpg,512272,2400,3600,5543cfce96493b86eece3195b3f5ea6e779ff41551676600b0c2479fc18c0ec5
33,33.jpg,/Libur Primus/33.jpg,550563,2400,3600,39780578c48d318310c3bccb0bc30e96adcb5b2de6e4a965000c55465375861d
34,34.jpg,/Libur Primus/34.jpg,541530,2400,3600,f123b66eefa1b4409750c5ea3879bfe64728c6aa1e1398cb8fbd0fa8b1cf1f50
35,35.jpg,/Libur Primus/35.jpg,541718,2400,3600,90fa414c464e86435bdb22f051f9670e886e3dd1c0b6d8954be94b86188da94b
36,36.jpg,/Libur Primus/36.jpg,540260,2400,3600,b57ec6b12cb9a505eec6a77c64ddf63bf30a1bfb44dd5cdca35d900feed1b651
37,37.jpg,/Libur Primus/37.jpg,535883,2400,3600,1ceef52570621785a021febff39003538f810179e5767ef5279a59c0c05c9985
38,38.jpg,/Libur Primus/38.jpg,550964,2400,3600,c453ad16212b335a065069e9f755791b909225ed250b579eab205655e7a80c10
39,39.jpg,/Libur Primus/39.jpg,512143,2400,3600,e232eb4649f89125d0edeab7022cbe189185d46ccbf0823fd964b6e71e9bafe7
40,40.jpg,/Libur Primus/40.jpg,484095,2400,3600,d31a23cb3a2e50b505e1c468ffbb0106f5353f469bb5958b87ab929fc88decee
41,41.jpg,/Libur Primus/41.jpg,654761,2400,3600,62148ef272d17bcedf5df30f6cc9e52df127113c18c1cf57ea92c75feedfce80
42,42.jpg,/Libur Primus/42.jpg,643754,2400,3600,a7d6e597debff4f7c5b3516e1b02ca2e4fa5b37d972f567264ed2ec845013cff
43,43.jpg,/Libur Primus/43.jpg,677224,2400,3600,ed88f5fcdca3d1f846538caa8be979aa28cde969eb99c9464d60daa26c1f9af7
44,44.jpg,/Libur Primus/44.jpg,580041,2400,3600,c92c972f41dd038e136d8589aa7b113e268c36f2860c279cce712cd037cb3a8e
45,45.jpg,/Libur Primus/45.jpg,542267,2400,3600,318bb587f4dcab11b4db7ba3b8bb13b7913ca79bb409e1c987595503a22e0522
46,46.jpg,/Libur Primus/46.jpg,546105,2400,3600,6f769f266865ddb30b0cb34e82c664a87ba409f674dc52ad3af7c85be443fb5c
47,47.jpg,/Libur Primus/47.jpg,539780,2400,3600,701b66d1fe98f730dadc5d7d8e1bc3b9a8e20547c1ffb423011f436037dba8b0
48,48.jpg,/Libur Primus/48.jpg,531046,2400,3600,0cb60ca12b1bf5f9fc03026314018a0d5ee73f813ac86ca4197629c60f2cb80a
49,49.jpg,/Libur Primus/49.jpg,362637,2400,3600,c0f778187a8e9ddbfc667a65929ac567430a2e38278a2022377984ac084e5f72
50,50.jpg,/Libur Primus/50.jpg,525652,2400,3600,13ff4c8d8ab934032a001b8c1fda16433aa44a38dd7272b3ff0dd7ac8300c62d
51,51.jpg,/Libur Primus/51.jpg,555050,2400,3600,6f1b4c04b64ee54c689478bd3986bb6ab8a3b81f48780562094e9f248e4e87f8
52,52.jpg,/Libur Primus/52.jpg,574580,2400,3600,d713dd913d9b835ac61f298e8c0855f5093599e348edaedef964710db8664afa
53,53.jpg,/Libur Primus/53.jpg,511099,2400,3600,3b54a31a9e796e2c01b4e80d46e1092dee2e1142a7c61873e282078e2c776cb9
54,54.jpg,/Libur Primus/54.jpg,503830,2400,3600,cee96d7e71b7de4d4e57237faacefad791229c153202e8224e4bedda45fb8f43
55,55.jpg,/Libur Primus/55.jpg,519224,2400,3600,aec1898f599f57265d6422f3082a481db94a27f62230affbadee595d05077f8c
56,56.jpg,/Libur Primus/56.jpg,541379,2400,3600,d1b7ea5a6ffb79709753e3565d1d46e05edbe3d82ca70c3ed6065d46b131bd00
57,57.jpg,/Libur Primus/57.jpg,746355,2400,3600,3f5af995b39f94f268d4aa94825a10f2429f4a3affa1921a7f627e6d1bfcfb69
58,58.jpg,/Libur Primus/58.jpg,785555,2400,3600,134052dd794a7d11185cc6d942de3f9839bd2b767e0845b0f059f711b269bee2
59,59.jpg,/Libur Primus/59.jpg,788795,2400,3600,e523427112ec6259e97d1711f0420469d961324dedb7dc4eac67ecd9543729f6
60,60.jpg,/Libur Primus/60.jpg,792166,2400,3600,dc4cf22565ccabb2b3d366eb8bd6b74520e3169133a7bd725373aad2f49ac415
61,61.jpg,/Libur Primus/61.jpg,796475,2400,3600,463cf95229ccb6ae179cdd0fce2338df9f616da0db38813573a9fb1706846208
62,62.jpg,/Libur Primus/62.jpg,772704,2400,3600,898b614af5473937a9abfcdc618160ba80ea44b07d4a479da4526be6e33f28d9
63,63.jpg,/Libur Primus/63.jpg,782516,2400,3600,05538b8ebf9ed2a5716d94284a753dd26582a0227f139cc4a27dc3f07b15d301
64,64.jpg,/Libur Primus/64.jpg,792027,2400,3600,08ed86be5561c09ce5c773d8001b290cc505436db89637d66ea0f5a15818d1c8
65,65.jpg,/Libur Primus/65.jpg,803285,2400,3600,341da69e9d579528dd17b7659e23de210720429111dc76c512843eb1983100ea
66,66.jpg,/Libur Primus/66.jpg,651504,2400,3600,aa3f89156756edf8b796a470a14a3db96516ad2fedf1ed98ccabc1a1cddc0335
67,67.jpg,/Libur Primus/67.jpg,581983,2400,3600,bd6d4a3678fa37197bd43c58861273dc59604b5b68dfa20de1ec13f0704be776
68,68.jpg,/Libur Primus/68.jpg,661727,2400,3600,2b9d60f62b2bc65d040f7ae1bc0960d5a44ca251d2730d049a618074a83e208b
69,69.jpg,/Libur Primus/69.jpg,792979,2400,3600,d34a38f51759284f68fb916122ed6774c3b498dddb5537929355ac674453a0f3
70,70.jpg,/Libur Primus/70.jpg,753790,2400,3600,4ec7293ba72bd52384787646d204c8a68fefaf2d22673c40d27f23812d424548
71,71.jpg,/Libur Primus/71.jpg,774295,2400,3600,dbc2cfca46a150689e60ea83015dcd54ace81245711fefe114d6076b96412ec4
72,72.jpg,/Libur Primus/72.jpg,614928,2400,3600,a80191592add93a86ed3868f9e4e6ba3944ec20c9ffccc7d3e221b461344beba
73,73.jpg,/Libur Primus/73.jpg,389813,2400,3600,a4c1c9ae1246c3197fc1d7bd0155cbc97f60d4bba84a104d45f180feab1814dc
74,74.jpg,/Libur Primus/74.jpg,318076,2400,3600,1dabc100ddbf1fc49715219636984eb6ad96a2bd8035e196c12e66db77a1077b
