page,label,development_positive,held_out_positive,raw_header_hex,decoded_header_hex,seed,declared_length,recovered_length,missing_bytes,complete,capacity_margin_bits,non_attractor_header,raw_ff_prefix_bytes,raw_ff_suffix_bytes,raw_entropy_bits_per_byte,output_entropy_bits_per_byte,output_printable_fraction,pgp_armor_signature,header_zero_count,printable_count_64,p_header,p_printable,p_pgp,fwer_p_header,fwer_p_printable,fwer_p_pgp,minimum_familywise_p,eligible_coefficients,global_odd_fraction,stratified_parity_z,weighted_mean_abs_odd_deviation,detector_positive,detector_reason,output_sha256
0,known_positive,True,False,9c5e8417,a300530b,163,2899,2899,0,True,67,True,0,0,7.936255619214802,5.217932916316422,1.0,True,17,64,1.0,0.0001220703125,0.0001220703125,1.0,0.0274658203125,0.0274658203125,0.0274658203125,154283,0.12967079976406992,1313.03905368354,0.38983880271967747,True,complete + non-attractor header + familywise matched-null anomaly,2efba5e2283fa16592bedb7c339223bf2db94f07cf2d42188684aa393c12d180
1,known_positive,True,False,4c5e8417,7300530b,115,2899,2899,0,True,1267,True,0,0,7.932282574546668,5.189154256888096,1.0,True,18,64,1.0,0.0001220703125,0.0001220703125,1.0,0.0274658203125,0.0274658203125,0.0274658203125,1025122,0.45938824842311454,816.505596357227,0.16993782203484073,True,complete + non-attractor header + familywise matched-null anomaly,da4ad19d7e46a9df54fe800bb2477914fbb7b83d34e4ea748760ce2e0902e656
2,known_positive,True,False,615e8417,5e00530b,94,2899,2899,0,True,118,True,0,0,7.938920910436256,5.21390906471106,1.0,True,18,64,1.0,0.0001220703125,0.0001220703125,1.0,0.0274658203125,0.0274658203125,0.0274658203125,158963,0.13957335983845298,1416.904677852521,0.3816517051137686,True,complete + non-attractor header + familywise matched-null anomaly,b1d1d69e32e6c5725dffbcd871c2acb482371889d48ce6734c17741816ad23a3
3,known_positive,True,False,405e9660,7f00417c,127,31809,31809,0,True,153,True,0,0,7.994013367590435,4.232093559449897,1.0,True,20,64,0.01953125,0.0001220703125,0.0001220703125,1.0,0.0274658203125,0.0274658203125,0.0274658203125,811192,0.5953251511356128,938.3779270088642,0.1333358810244677,True,complete + non-attractor header + familywise matched-null anomaly,a14c1e144760c361a39da41e4784a9a22a3ce490baf42d9eb99b37feab8a47c1
4,known_positive,True,False,ddcbb301,e295641d,38370,7524,7524,0,True,661,True,0,6,7.829660574147401,7.9783260101421645,0.38556618819776717,False,15,25,0.46142578125,0.4544677734375,1.0,1.0,1.0,1.0,1.0,1164245,0.5770580934425315,1162.8610154798334,0.13962825693904635,True,complete + non-attractor header,35d31e61275c6b0420e7729161d5f6272122ea7edb87076fe84f3fe3c70af6db
5,unlabeled,False,False,ffffffff,c0a128e3,41408,58152,47128,11024,False,0,False,3100,3709,6.253841776710907,7.995336978889096,0.3795620437956204,False,0,22,1.0,0.6925048828125,1.0,1.0,1.0,1.0,1.0,377578,0.6897064977302703,1245.0256086767638,0.2817960792207173,False,rejected: incomplete extraction,46a219b2ee9b69632d23cfe9f6455df03d7d73436459a5be7ac24af87268a1ca
6,unlabeled,False,False,ffffffff,c0a128e3,41408,58152,58152,0,True,73,False,53,1,7.588766525312746,7.9969369683394405,0.3821708625670656,False,0,20,1.0,0.83642578125,1.0,1.0,1.0,1.0,1.0,800881,0.5962471328449545,1269.0486103114051,0.18089266695052073,False,rejected: dominant FFFFFFFF attractor header without familywise anomaly,7551f316388ef7f413b72d6ea30c422ee174406d226c24375a72377adbe42064
7,unlabeled,False,False,ffffffff,c0a128e3,41408,58152,58152,0,True,60,False,53,1,7.597864430847535,7.9971941262626665,0.3820848810015133,False,0,20,1.0,0.8260498046875,1.0,1.0,1.0,1.0,1.0,804376,0.5951656936557033,1333.262907052804,0.18062075447303252,False,rejected: dominant FFFFFFFF attractor header without familywise anomaly,c1af55ba9d982c7c8a463ac81c68bf9b8a7b814b54e395d9b6920a340fdfcfd5
8,known_positive,False,True,195e5b1c,26008c00,38,140,140,0,True,2286,True,0,0,6.582644981137961,4.737414739963279,1.0,False,16,64,0.0001220703125,0.0001220703125,1.0,0.0274658203125,0.0274658203125,1.0,0.0274658203125,578114,0.6262000228328669,1413.26158631952,0.19760635445604155,True,complete + non-attractor header + familywise matched-null anomaly,4767d811f22abdb15bfee53c29bbd2488b123a9c290f63712f4ed12fdbc5963d
9,unlabeled,False,False,ffffffff,c0a128e3,41408,58152,58152,0,True,35,False,53,1,7.489147536138786,7.996830999394781,0.38399367175677535,False,0,20,1.0,0.8330078125,1.0,1.0,1.0,1.0,1.0,704507,0.6071380412117977,1026.2993429635162,0.17527930879324122,False,rejected: dominant FFFFFFFF attractor header without familywise anomaly,a35f439175a16486e6b5699cc45a265fa9d82eea15b92a52a124d549d97ff4f1
10,known_positive,True,False,5c5e0518,6300d204,99,1234,1234,0,True,1008,True,0,0,7.833179545366082,5.858757230722306,1.0,True,19,64,0.010498046875,0.0001220703125,0.0001220703125,1.0,0.0274658203125,0.0274658203125,0.0274658203125,677059,0.5857140958173512,804.0957107194342,0.1305078287121211,True,complete + non-attractor header + familywise matched-null anomaly,56467e78411358a236479a867a073de1a6fe9be2572e19759be1128968b3feeb
11,known_positive,True,False,995e0518,a600d204,166,1234,1234,0,True,683,True,0,0,7.8360750287088745,5.873390510347089,1.0,True,19,64,0.0093994140625,0.0001220703125,0.0001220703125,1.0,0.0274658203125,0.0274658203125,0.0274658203125,627884,0.5881787081690248,956.2249901733907,0.14865962502627875,True,complete + non-attractor header + familywise matched-null anomaly,6f2db751c9d6acd7f17c59679e4313632402a66e7295447781d0de5701894027
12,known_positive,True,False,a95e0518,9600d204,150,1234,1234,0,True,1227,True,0,0,7.844178803026143,5.864632888830226,1.0,True,19,64,0.005859375,0.0001220703125,0.0001220703125,1.0,0.0274658203125,0.0274658203125,0.0274658203125,623058,0.5879693383280529,885.4218792546844,0.14615653759361086,True,complete + non-attractor header + familywise matched-null anomaly,78581663e7a5ba77494d1840820098b122217edd13009661f1be2e497db88179
13,known_positive,True,False,be5e0518,8100d204,129,1234,1234,0,True,1891,True,0,0,7.846121157175412,5.832180295882537,1.0,True,17,64,0.978515625,0.0001220703125,0.0001220703125,1.0,0.0274658203125,0.0274658203125,0.0274658203125,1433292,0.4372151662047929,2914.67493586291,0.29983283238865494,True,complete + non-attractor header + familywise matched-null anomaly,83835b0e148c1061d42693ea14a5035f54ad41fa45496b00b37311b8e96a2095
14,unlabeled,False,False,ffffffff,c0a128e3,41408,58152,58151,1,False,0,False,2009,0,7.393304686519472,7.997348516898747,0.3812832109508005,False,0,22,1.0,0.800537109375,1.0,1.0,1.0,1.0,1.0,645682,0.6140514990351288,1670.4715462199613,0.23384266558460667,False,rejected: incomplete extraction,0094e67a9039e4372da812a155420033e762181a5b46a0f701590c06049f9653
15,unlabeled,False,False,ffffffff,c0a128e3,41408,58152,56895,1257,False,0,False,3100,0,6.823559683430089,7.996589538564086,0.38179101854292996,False,0,22,1.0,0.682861328125,1.0,1.0,1.0,1.0,1.0,455708,0.6522597803856856,1484.4950071659598,0.24099642753693154,False,rejected: incomplete extraction,6a9bf4e57b9199ab8ed7c64e2ffcf979f3ee6ed58c1349a748f099d88a24a8af
16,unlabeled,False,False,ffffffff,c0a128e3,41408,58152,58151,1,False,0,False,2009,0,7.031545556849483,7.99721941545856,0.38246977695998347,False,0,22,1.0,0.798828125,1.0,1.0,1.0,1.0,1.0,507524,0.6432621905565057,1071.482421461817,0.2101910451525445,False,rejected: incomplete extraction,67e6371b57ac5a339f767bfc9e42e0bf10d3fe98105352406fba0018b1bc9d20
17,false_control,False,False,ffffffff,c0a128e3,41408,58152,58152,0,True,38,False,1417,1953,7.4099851364169655,7.996962468924336,0.38528339524006056,False,0,22,1.0,0.7093505859375,1.0,1.0,1.0,1.0,1.0,714405,0.607204596832329,1749.390823856819,0.22519929171828304,False,rejected: dominant FFFFFFFF attractor header without familywise anomaly,cbf1ccddc6c4bb2fd96d449e0667eb5be6c2a542de4e0f43e7ca188df7f289b1
18,false_control,False,False,ffffffff,c0a128e3,41408,58152,58151,1,False,0,False,1869,2863,7.273152064297063,7.99694779650158,0.3821430413922374,False,0,22,1.0,0.7158203125,1.0,1.0,1.0,1.0,1.0,687226,0.6114771559865314,1808.2423576013368,0.22955039535756797,False,rejected: incomplete extraction,7eaf3395e62f53db7b228ea3fcaf816de0547388c36bc5f879f93c8a16dee6c2
19,unlabeled,False,False,ffffffff,c0a128e3,41408,58152,58151,1,False,0,False,1869,2886,7.122198160119659,7.996687285363713,0.38678612577599697,False,0,22,1.0,0.7374267578125,1.0,1.0,1.0,1.0,1.0,619659,0.623092700985542,1750.1469550949137,0.23326458584479529,False,rejected: incomplete extraction,8907b4998695975d2c7465933f3d6f4b44675e6421f521332d2a730003398914
20,false_control,False,False,ffffffff,c0a128e3,41408,58152,58151,1,False,0,False,2004,2944,7.228350080682856,7.996819633505846,0.3857371326374439,False,0,22,1.0,0.6531982421875,1.0,1.0,1.0,1.0,1.0,618354,0.6215274745534112,1440.8974876705956,0.23253023349084828,False,rejected: incomplete extraction,ddbb1e6faf149ed1a45ad1c57edc2c16adddd664ea10bb246c3ad2ff19120e6d
21,false_control,False,False,ffffffff,c0a128e3,41408,58152,58152,0,True,59,False,2004,2228,7.383451564405395,7.996751638943387,0.3848706837254093,False,0,22,1.0,0.6455078125,1.0,1.0,1.0,1.0,1.0,695826,0.6073199334316338,1777.9558104290275,0.22952146082497635,False,rejected: dominant FFFFFFFF attractor header without familywise anomaly,21e26fbcfd0f8cc5706ca4228245854703efa143173b793066ab3a2577f40db3
22,false_control,False,False,ffffffff,c0a128e3,41408,58152,58151,1,False,0,False,2004,3010,7.301036050091356,7.996888555023549,0.3845505666282609,False,0,22,1.0,0.6265869140625,1.0,1.0,1.0,1.0,1.0,683572,0.6090697102865535,1769.0614652802617,0.23039709057714478,False,rejected: incomplete extraction,f0e3f8b750b4954ede6f73eb118fcf9c3b2918308c4c9d50e7f35969672c1eba
23,unlabeled,False,False,ffffffff,c0a128e3,41408,58152,58151,1,False,0,False,2004,3010,7.146075760681395,7.997075357785924,0.38456776323708963,False,0,22,1.0,0.6326904296875,1.0,1.0,1.0,1.0,1.0,578766,0.6279567217148209,1447.1446476820606,0.23414989823175514,False,rejected: incomplete extraction,d7c1046b239259a9b8c4e30b32959dd5b87df8eb6593923360ffd91b2d8f04fa
24,unlabeled,False,False,ffffffff,c0a128e3,41408,58152,58151,1,False,0,False,2004,1843,7.15665765932433,7.996743324489743,0.38670014273185327,False,0,22,1.0,0.6292724609375,1.0,1.0,1.0,1.0,1.0,601609,0.6236941269163194,1536.7881805691416,0.2354760317747906,False,rejected: incomplete extraction,53bf5bf3ba36c2719b00392bd3b120e75b61fedd1082f4980d13f9c541612c9c
25,unlabeled,False,False,ffffffff,c0a128e3,41408,58152,58151,1,False,0,False,1851,2847,7.230286772618729,7.997101089030727,0.3838455056662826,False,0,22,1.0,0.63134765625,1.0,1.0,1.0,1.0,1.0,633943,0.6177921358860339,1801.292044039117,0.24619326974191685,False,rejected: incomplete extraction,93bd43e59974678490021e51fdd8a97f75eccce697a278a3d8616fc89539e2a0
26,unlabeled,False,False,ffffffff,c0a128e3,41408,58152,58151,1,False,0,False,1888,2791,7.255744813444885,7.996786565941594,0.3832608209661055,False,0,22,1.0,0.72998046875,1.0,1.0,1.0,1.0,1.0,661248,0.6125750096786682,1956.6162900440215,0.24691038763066203,False,rejected: incomplete extraction,f49402c81f84ee17c28f8ddf3523dbd18ad681078fc602044ff740c3dbd73dca
27,unlabeled,False,False,ffffffff,c0a128e3,41408,58152,58151,1,False,0,False,1851,2847,7.240614199055147,7.996888718159237,0.3838798988839401,False,0,22,1.0,0.620849609375,1.0,1.0,1.0,1.0,1.0,639723,0.6161369842885124,1856.364328068258,0.2443158992251334,False,rejected: incomplete extraction,891864e5459bda6360720db0172b0ce9c7ccc856c5d18e72e190c2339cab64e6
28,unlabeled,False,False,ffffffff,c0a128e3,41408,58152,58151,1,False,0,False,1888,2791,7.2217399349161076,7.996736147498236,0.38210864817457996,False,0,22,1.0,0.7188720703125,1.0,1.0,1.0,1.0,1.0,630216,0.6176834609086409,1875.0357902660558,0.24714859667161734,False,rejected: incomplete extraction,8d3c040937e0b5fa877344b16335ec1670c275978376dd714e1920ce6188889c
29,unlabeled,False,False,ffffffff,c0a128e3,41408,58152,58151,1,False,0,False,1851,2847,7.237724880022634,7.997244166058924,0.3844989768017747,False,0,22,1.0,0.6304931640625,1.0,1.0,1.0,1.0,1.0,631954,0.6166588074448457,1871.6357990291979,0.24598309370618748,False,rejected: incomplete extraction,cea6b27e3c074479c37503edb8daf933325e2a9806688cfd85e6700aea334b6d
30,unlabeled,False,False,ffffffff,c0a128e3,41408,58152,58151,1,False,0,False,1888,2792,7.237572367312813,7.997107545192596,0.37887568571477703,False,0,22,1.0,0.6982421875,1.0,1.0,1.0,1.0,1.0,640118,0.6162691878684867,1884.0023322037662,0.24570469819627005,False,rejected: incomplete extraction,554f4c459a61232c0813f1e0ca65c00b7ca42635402dbc5e894e774a2f533a01
31,unlabeled,False,False,ffffffff,c0a128e3,41408,58152,58151,1,False,0,False,2379,2847,6.840189598095953,7.997187134873771,0.38645939020825093,False,0,22,1.0,0.6251220703125,1.0,1.0,1.0,1.0,1.0,469036,0.6537110157855687,1545.2070282417171,0.25022599544597857,False,rejected: incomplete extraction,ed92f14747c4d34eee92f79ae7e40c9f5feb0b5892065f862f26ae60eee73bfe
32,unlabeled,False,False,ffffffff,c0a128e3,41408,58152,58151,1,False,0,False,2066,2871,7.037478803580077,7.996402828626232,0.3823322040893536,False,0,22,1.0,0.778076171875,1.0,1.0,1.0,1.0,1.0,541404,0.6382202569615296,1413.7559143804522,0.2401810847352439,False,rejected: incomplete extraction,9ae9616043032a580583abde46bdd273bb149a25c8ef13fdacfd890503a1881e
33,unlabeled,False,False,ffffffff,c0a128e3,41408,58152,58151,1,False,0,False,2053,3458,7.13954047983479,7.996544581654286,0.3822462210452099,False,0,22,1.0,0.6456298828125,1.0,1.0,1.0,1.0,1.0,603134,0.621707613896746,2080.806616873651,0.26646649003372386,False,rejected: incomplete extraction,901ba6f5efa04c2c7b18a199482e66245f2172fe2e048095637fe1e58b08ffcd
34,unlabeled,False,False,ffffffff,c0a128e3,41408,58152,58151,1,False,0,False,2053,3459,7.121390655973534,7.996890251213965,0.38453337001943216,False,0,22,1.0,0.640380859375,1.0,1.0,1.0,1.0,1.0,592277,0.6235072440766736,2087.8858259923677,0.26966858412533323,False,rejected: incomplete extraction,501b6fe6cab41ecb711c7b685fa3e0fdcb31a1673c0ec08b852a55a82c974999
35,unlabeled,False,False,ffffffff,c0a128e3,41408,58152,58151,1,False,0,False,2054,3459,7.119497715863451,7.996807213778886,0.38293408539835944,False,0,22,1.0,0.6337890625,1.0,1.0,1.0,1.0,1.0,593439,0.6232215948058688,2080.7993785628737,0.26883386498022543,False,rejected: incomplete extraction,a2df223c2bc3f1c20c523a4cee1eff1defae308892001dfb2c696d99da1b795e
36,unlabeled,False,False,ffffffff,c0a128e3,41408,58152,58151,1,False,0,False,2053,3460,7.115844116073205,7.996829075781291,0.38104245842719814,False,0,22,1.0,0.642578125,1.0,1.0,1.0,1.0,1.0,591045,0.6243382483567241,2071.789782764854,0.26892284005447975,False,rejected: incomplete extraction,48bcf5e9cf15b4539825c999c35b99c0139dfe060ab474431d6a84acb441a373
37,unlabeled,False,False,ffffffff,c0a128e3,41408,58152,58151,1,False,0,False,2053,3460,7.109798956255107,7.996654932954518,0.3821258447834087,False,0,22,1.0,0.648681640625,1.0,1.0,1.0,1.0,1.0,587191,0.6241444436307777,2059.748318536808,0.26860510464227144,False,rejected: incomplete extraction,4b3f32f14d3e5991715d4aefce0239195930e1113ff70420b9986ee45ecfc5b1
38,unlabeled,False,False,ffffffff,c0a128e3,41408,58152,58151,1,False,0,False,2053,3310,7.1352747690328275,7.996763894510816,0.3880758714381524,False,0,22,1.0,0.6373291015625,1.0,1.0,1.0,1.0,1.0,602392,0.6228419368119098,2067.938305990826,0.2662236550286192,False,rejected: incomplete extraction,831b6ec2f277c1d8f2fbbd1b7f493e7c16b71b6ad861a9383807b0c575780d66
39,unlabeled,False,False,ffffffff,c0a128e3,41408,58152,58151,1,False,0,False,2060,0,7.104292581184676,7.996314878981725,0.3828824955718732,False,0,22,1.0,0.750732421875,1.0,1.0,1.0,1.0,1.0,540431,0.6351504632413759,1408.7850038894942,0.21759762115792766,False,rejected: incomplete extraction,c30e916c09eb2878fe116a6ee57686972c94525b05cfb042731af1ed09e974a5
40,unlabeled,False,False,ffffffff,c0a128e3,41408,58152,58151,1,False,0,False,1421,2945,7.000002279499489,7.997099461896164,0.3840690615810562,False,0,22,1.0,0.9111328125,1.0,1.0,1.0,1.0,1.0,518649,0.6413952403263093,1784.1475271439538,0.27662542490200503,False,rejected: incomplete extraction,0df84106f7ad3669cd4fc618f18addcb0bb6254a7e2e3adbc95f86b97a15cdd1
41,unlabeled,False,False,ffffffff,c0a128e3,41408,58152,58151,1,False,0,False,2053,3278,7.325454834705257,7.9970653322339516,0.38417224123402866,False,0,22,1.0,0.6400146484375,1.0,1.0,1.0,1.0,1.0,686787,0.6117821100282912,1862.883381237568,0.2317989420300617,False,rejected: incomplete extraction,a648cec785a6d06bbfbe7079d36159c2f684af1380f8e368b7c2f27feed8f80c
42,unlabeled,False,False,ffffffff,c0a128e3,41408,58152,58151,1,False,0,False,2053,3459,7.297763873764545,7.996658437199562,0.38166153634503275,False,0,22,1.0,0.6502685546875,1.0,1.0,1.0,1.0,1.0,673546,0.613477030522043,1870.4900409142888,0.23420969020675647,False,rejected: incomplete extraction,830437d15280180761438cffc0055ee4bbfbab564024a76f5cc6e46590141aa0
43,false_control,False,False,ffffffff,c0a128e3,41408,58152,58152,0,True,53,False,2060,2815,7.361460357782159,7.996679381099708,0.38115628009354796,False,0,22,1.0,0.7174072265625,1.0,1.0,1.0,1.0,1.0,692534,0.6115584216803795,1848.3362116544158,0.23161462108719572,False,rejected: dominant FFFFFFFF attractor header without familywise anomaly,0a318b3e9e195fdea9e941b7b458ae9cddef5147eec646b6da231b7d6615fe43
44,unlabeled,False,False,ffffffff,c0a128e3,41408,58152,58151,1,False,0,False,1565,3170,7.142480260581729,7.997065077419292,0.38659696307888086,False,0,22,1.0,0.7886962890625,1.0,1.0,1.0,1.0,1.0,606436,0.6247947021614811,1730.342973239934,0.2518798356298109,False,rejected: incomplete extraction,8c7c58bb6434c7ec6b6137731af49b343ac28894a650aff24ebe3086ccfc73e3
45,unlabeled,False,False,ffffffff,c0a128e3,41408,58152,58151,1,False,0,False,2053,3460,7.126865029484859,7.997079083661292,0.38427542088700106,False,0,22,1.0,0.6370849609375,1.0,1.0,1.0,1.0,1.0,594378,0.6236906480387902,2088.8998807662997,0.26911325789312524,False,rejected: incomplete extraction,9166920daf71c731a04475f052d8bdc4f68e0b3225b910989e47edb426610599
46,unlabeled,False,False,ffffffff,c0a128e3,41408,58152,58151,1,False,0,False,2053,3459,7.125641204303779,7.996905084111942,0.3821258447834087,False,0,22,1.0,0.6517333984375,1.0,1.0,1.0,1.0,1.0,595132,0.6230937002211274,2106.498202957931,0.27150111235826674,False,rejected: incomplete extraction,bb9ea51e3a71c57bf2cdff58109f9f7c0baec05e22c174948751db8854612200
47,unlabeled,False,False,ffffffff,c0a128e3,41408,58152,58151,1,False,0,False,2053,3459,7.11510553557878,7.996807799620855,0.37813623153514125,False,0,22,1.0,0.644287109375,1.0,1.0,1.0,1.0,1.0,590846,0.6238021413363212,2066.6209618470434,0.2685657514817736,False,rejected: incomplete extraction,1363fe4e3f8393701310efa174cadead2b91321e4d9295508cacd7c64c19e217
48,unlabeled,False,False,ffffffff,c0a128e3,41408,58152,58151,1,False,0,False,2053,3459,7.109418271488764,7.997075599146065,0.3833468040102492,False,0,22,1.0,0.648193359375,1.0,1.0,1.0,1.0,1.0,580922,0.6268741758790337,2045.8081653183035,0.27026347771301484,False,rejected: incomplete extraction,7093ee86be5aad292e9359b78897adadaddf5115bca7741eee6036ffbcfa248b
49,unlabeled,False,False,ffffffff,c0a128e3,41408,58152,49103,9049,False,0,False,3100,1912,6.490049235003678,7.9965434285788355,0.38649369692279495,False,0,22,1.0,0.68994140625,1.0,1.0,1.0,1.0,1.0,393372,0.6770436126618061,1750.7007936045836,0.2809071311633772,False,rejected: incomplete extraction,7798407ee58b8e6ec0aca44c54e4e482a1fb9091b6c917fa163f228e6f848b64
50,unlabeled,False,False,ffffffff,c0a128e3,41408,58152,58151,1,False,0,False,2009,788,7.081074256940209,7.9970820595943675,0.38081890251242456,False,0,22,1.0,0.8201904296875,1.0,1.0,1.0,1.0,1.0,556239,0.6329779105744113,1648.1841975047894,0.26164202797718245,False,rejected: incomplete extraction,e1f42e7a5f0d3827be727968ff42697ff0bc6ad3d94b75fc6c57cd8e61e697c5
51,unlabeled,False,False,ffffffff,c0a128e3,41408,58152,58151,1,False,0,False,432,3470,7.110168776932359,7.996735103991417,0.3873192206496879,False,0,22,1.0,0.7593994140625,1.0,1.0,1.0,1.0,1.0,585054,0.6248893264553358,2002.156685981044,0.2640696414348077,False,rejected: incomplete extraction,26d40c05977a6f7d5df54c61a2f8ac0f87646902ed95d013604daac974e79bfe
52,unlabeled,False,False,ffffffff,c0a128e3,41408,58152,58151,1,False,0,False,432,3320,7.142260771519897,7.997226745264159,0.38733641725851664,False,0,22,1.0,0.7640380859375,1.0,1.0,1.0,1.0,1.0,605071,0.62211542116545,2014.6435830044688,0.26060991189463717,False,rejected: incomplete extraction,e1733924d9bf156a022949a3fb6529d181d33a07eda1ae883cf2cfdb5b359bc0
53,unlabeled,False,False,ffffffff,c0a128e3,41408,58152,58151,1,False,0,False,432,3925,6.992829740147053,7.997280822643875,0.38465374628123333,False,0,22,1.0,0.7587890625,1.0,1.0,1.0,1.0,1.0,543498,0.6345395935219633,1834.5999518505823,0.26829169564561417,False,rejected: incomplete extraction,8517a18a3f324fc90460dca9479ce3b2a7e65a734f8884021f5b563bf6e34fb6
54,unlabeled,False,False,ffffffff,c0a128e3,41408,58152,58151,1,False,0,False,432,3319,6.972154626181869,7.997191313381521,0.38544479028735534,False,0,22,1.0,0.7764892578125,1.0,1.0,1.0,1.0,1.0,537365,0.6372502861183739,1762.1513475043018,0.2700166553459939,False,rejected: incomplete extraction,4248fe970de968e4efdac8ed3b495e1230383fabb2bbbbbbb68b0abba9cd5975
55,unlabeled,False,False,ffffffff,c0a128e3,41408,58152,58151,1,False,0,False,432,3619,7.037115145165033,7.9964392577038454,0.3822462210452099,False,0,22,1.0,0.761962890625,1.0,1.0,1.0,1.0,1.0,553172,0.6311834293854353,1858.2783300868225,0.26740869024462555,False,rejected: incomplete extraction,87e5720eeb3d44330acd3f02ae0a8c7a64a531ef22fc1bc6f5132b5d46723a40
56,unlabeled,False,False,ffffffff,c0a128e3,41408,58152,58151,1,False,0,False,432,3177,7.079824145548473,7.996900197062627,0.38661415968770957,False,0,22,1.0,0.785400390625,1.0,1.0,1.0,1.0,1.0,573438,0.627485447424133,1770.3930471558836,0.26030015450667726,False,rejected: incomplete extraction,d7809b407e625bf604852c9df33a891129d2d742cedbd8c41106788604881b7b
57,unlabeled,False,False,ffffffff,c0a128e3,41408,58152,58152,0,True,55,False,1521,2389,7.44806937471543,7.99706195570547,0.38421722382721146,False,0,22,1.0,0.6444091796875,1.0,1.0,1.0,1.0,1.0,756640,0.6072980545569888,1558.4737513415648,0.2033212624233453,False,rejected: dominant FFFFFFFF attractor header without familywise anomaly,a32dcbfdaddb4a9c643ef156df4c1715037f397b179417cb42149ee13729ec64
58,unlabeled,False,False,ffffffff,c0a128e3,41408,58152,58152,0,True,72,False,1554,2216,7.510347256733143,7.996526626775979,0.38382170862567067,False,0,22,1.0,0.5921630859375,1.0,1.0,1.0,1.0,1.0,813870,0.5983904063302493,1744.059890056586,0.20186270534606263,False,rejected: dominant FFFFFFFF attractor header without familywise anomaly,73473a38427a1c84756f6eeb386dc63b7be836931a72b7e7072634111ea2c9fe
59,unlabeled,False,False,ffffffff,c0a128e3,41408,58152,58152,0,True,74,False,1554,2091,7.514627616765137,7.996411276478838,0.38242880726372264,False,0,22,1.0,0.6048583984375,1.0,1.0,1.0,1.0,1.0,816345,0.598152741794217,1753.7096230693242,0.2015440775652451,False,rejected: dominant FFFFFFFF attractor header without familywise anomaly,d1e64149aa1960fcb3aaafd3cca4ae5363d95b30940a8ce505bcb88d6db75e31
60,unlabeled,False,False,ffffffff,c0a128e3,41408,58152,58152,0,True,72,False,1554,2217,7.515708587669009,7.996456583909444,0.38731256018709587,False,0,22,1.0,0.6024169921875,1.0,1.0,1.0,1.0,1.0,820718,0.5972429019468319,1747.4295894008199,0.20147602465158557,False,rejected: dominant FFFFFFFF attractor header without familywise anomaly,6d44b371d2de5b14b6af616f7239fd277e663530a099516ac3cea33701d2f309
61,unlabeled,False,False,ffffffff,c0a128e3,41408,58152,58152,0,True,55,False,1554,2315,7.514794533823632,7.997038240430619,0.3808467464575595,False,0,22,1.0,0.6090087890625,1.0,1.0,1.0,1.0,1.0,824208,0.5970737969056354,1779.987773395405,0.2025192669811504,False,rejected: dominant FFFFFFFF attractor header without familywise anomaly,e717deb033fe4f353e2a59feb9b816c7f9aa9a04a0d9983ab0139324f169296d
62,unlabeled,False,False,ffffffff,c0a128e3,41408,58152,58152,0,True,73,False,1554,2315,7.5050468758961575,7.996786152531712,0.38561012518915944,False,0,22,1.0,0.608154296875,1.0,1.0,1.0,1.0,1.0,800833,0.6016610204624435,1734.7177331664277,0.20293057354030117,False,rejected: dominant FFFFFFFF attractor header without familywise anomaly,7d1ee104834b7eda89258c6297e0124ab4b192d617edcc7e08dbc63faf6e73ea
63,unlabeled,False,False,ffffffff,c0a128e3,41408,58152,58152,0,True,70,False,1554,2316,7.514391409166978,7.9968405646579,0.386693492915119,False,0,22,1.0,0.595947265625,1.0,1.0,1.0,1.0,1.0,811247,0.5990814141685578,1742.39869929181,0.20222016229335826,False,rejected: dominant FFFFFFFF attractor header without familywise anomaly,fe59f9a78ad6780e09f97dea7b6ddc688637cae2503244895429d3c1ff03d7ca
64,unlabeled,False,False,ffffffff,c0a128e3,41408,58152,58152,0,True,72,False,1554,2315,7.510742182370218,7.996910571318972,0.38282432246526343,False,0,22,1.0,0.6063232421875,1.0,1.0,1.0,1.0,1.0,820942,0.599059373256576,1756.0393719120693,0.20231392717146887,False,rejected: dominant FFFFFFFF attractor header without familywise anomaly,de73b9c1f40ae8a4f7ed0186353636cb2e0e3250eeca1690952f120c9b7341cf
65,unlabeled,False,False,ffffffff,c0a128e3,41408,58152,58152,0,True,59,False,1554,2310,7.516491084794673,7.997002411404257,0.38108749484110604,False,0,22,1.0,0.600830078125,1.0,1.0,1.0,1.0,1.0,832763,0.5969057222763259,1769.6674040951382,0.20080563137411245,False,rejected: dominant FFFFFFFF attractor header without familywise anomaly,247a30f12be3e15c490ea15c8870e7485aea2fd8596783a7f1db76c3ed338ca4
66,unlabeled,False,False,ffffffff,c0a128e3,41408,58152,58151,1,False,0,False,2060,3097,7.199891898732026,7.996648464933035,0.3806641330329659,False,0,22,1.0,0.6630859375,1.0,1.0,1.0,1.0,1.0,664093,0.6216840111249479,1225.584557126943,0.17911572626123148,False,rejected: incomplete extraction,4c3a2875a4f49fcfb1d0cd7a438b67c57ffc79e53fff6d15e445392d0bf1acef
67,unlabeled,False,False,ffffffff,c0a128e3,41408,58152,58151,1,False,0,False,1903,3536,7.1248263113403505,7.997469463346901,0.38472253271654827,False,0,22,1.0,0.630859375,1.0,1.0,1.0,1.0,1.0,615908,0.6323152159088695,1077.7123171223573,0.16853978191548089,False,rejected: incomplete extraction,4d6ffa3f4179c4c00b0d30165ff891478574ad4d04f414d4bb71467113ce87ca
68,unlabeled,False,False,ffffffff,c0a128e3,41408,58152,58152,0,True,53,False,1903,2519,7.305089555178588,7.9967082380061765,0.38557573256293853,False,0,22,1.0,0.6376953125,1.0,1.0,1.0,1.0,1.0,692043,0.6168012681292926,1244.7951874454782,0.17640450087639062,False,rejected: dominant FFFFFFFF attractor header without familywise anomaly,e7dc3ac0c6314431b09b5724db0b8f17872c8aa5a65f7ce265bc891f99456250
69,unlabeled,False,False,ffffffff,c0a128e3,41408,58152,58152,0,True,55,False,1554,2315,7.51426911599328,7.99676913453212,0.38411404594854864,False,0,22,1.0,0.6153564453125,1.0,1.0,1.0,1.0,1.0,824585,0.5979747388080064,1769.7088108704693,0.20080707264866568,False,rejected: dominant FFFFFFFF attractor header without familywise anomaly,03969e45a7f5af124f0319def0766af9e4714b9b5a9067841eb567382a352fb7
70,unlabeled,False,False,ffffffff,c0a128e3,41408,58152,58152,0,True,55,False,1559,1554,7.441818577439803,7.996695064140826,0.3832886229192461,False,0,22,1.0,0.6141357421875,1.0,1.0,1.0,1.0,1.0,758806,0.6063605190259433,1390.1078646728834,0.1874550280308801,False,rejected: dominant FFFFFFFF attractor header without familywise anomaly,f37e28eab1b3c970de899bb7f20345151a873ed8cb5b1fea26662de9e58777f2
71,unlabeled,False,False,ffffffff,c0a128e3,41408,58152,58152,0,True,71,False,1812,2126,7.4773872195277225,7.99711536236064,0.3817409547393039,False,0,22,1.0,0.637451171875,1.0,1.0,1.0,1.0,1.0,784983,0.6038640327242756,1605.8100199290036,0.2033235114645795,False,rejected: dominant FFFFFFFF attractor header without familywise anomaly,1b1f6a83fb6134f3e8389094e6a7b5af7902edec5f240e3e8acbc8b3c6c7f76e
72,unlabeled,False,False,ffffffff,c0a128e3,41408,58152,58151,1,False,0,False,2060,1984,7.207773989924082,7.996760143352348,0.3839314887104263,False,0,22,1.0,0.66064453125,1.0,1.0,1.0,1.0,1.0,629181,0.6249235116762902,1266.7640264101124,0.18033681881684285,False,rejected: incomplete extraction,1442c40d9cb18e5ae25717f2de1225c674711f885802d00a802bb1d149e74007
73,unlabeled,False,False,ffffffff,c0a128e3,41408,58152,53507,4645,False,0,False,3025,3855,6.538193316845424,7.99629537738144,0.383613358999757,False,0,22,1.0,0.73388671875,1.0,1.0,1.0,1.0,1.0,428609,0.671042838577818,1381.160227295229,0.24523400115256563,False,rejected: incomplete extraction,a193e0f66af2ac48032ec9a6e8037a8e8453cea73a0eb96dcfe45dfabf98ad38
74,unlabeled,False,False,ffffffff,c0a128e3,41408,58152,43991,14161,False,0,False,4225,2211,6.081754137607708,7.995904228495864,0.3826464504103112,False,0,22,1.0,0.737060546875,1.0,1.0,1.0,1.0,1.0,352479,0.7045355893542594,1660.3089599469831,0.32161490471772786,False,rejected: incomplete extraction,de93796a8e0586863c771189cc852a434f0ad41067c27a97026399bbf4fbb4b6
